,ID,FULL TEXT,CREATED AT
0,1413167460992225283,"@fmenofbraavos ‡∂î‡∑Ä‡∑ä... ‡∂Ø‡∑ê‡∂±‡∂ú‡∑ô‡∂±‡∂≠‡∑ä ‡∂á‡∂Ω‡∑ä‡∂Ω‡∑î‡∑Ä‡∑ö ‡∂±‡∑ê‡∂≠‡∑í ‡∑Ñ‡∑ê‡∂ß‡∑í ‡∂±‡∑ö‡∂Ø..?ü•¥

‡∂î‡∂†‡∑ä‡∂†‡∂ª ‡∂Ø‡∑ê‡∂±‡∑î‡∂∏‡∑ä ‡∂Ø‡∑ì‡∂Ω‡∂≠‡∑ä ‡∂Ö‡∂±‡∑î‡∂ª‡∂Ω‡∑è..‡∂ª‡∂±‡∑í‡∂Ω‡∑ä‡∂Ω‡∑è ‡∂Ø‡∂±‡∑ä‡∂±‡∑ê‡∂≠‡∑í ‡∂ú‡∑è‡∂±‡∂ß ‡∑Ñ‡∑í‡∂ß‡∑í‡∂∫‡∑è ‡∂≠‡∂∏‡∑ä‡∂∂‡∑í ‡∂ú‡∑Ñ‡∂Ω‡∑è ‡∂∫‡∂±‡∂ö‡∂Ç ‡∂ú‡∑ù‡∂®‡∑è‡∂ß ‡∂≠‡∑ê‡∂±‡∂ö‡∑ä ‡∂Ö‡∂ª‡∂Ç ‡∂Ø‡∑ô‡∂±‡∑ä‡∂©..‡∂Ö‡∂¥‡∑ä‡∂¥‡∂ú‡∑ö ‡∂Ø‡∑ö‡∑Å‡∂¥‡∑è‡∂Ω‡∂±‡∑ö..üòÅü•¥",2021-07-08 16:05:52
1,1412410653629952001,@FriendYourz ‡∂∫‡∑ö ‡∂±‡∂Ω‡∑ä‡∂Ω ‡∂≠‡∂∏‡∑ä‡∂∂‡∑í,2021-07-06 13:58:35
2,1412286489191399426,"@Shenali_WithU ‡∂î‡∂∫‡∑è ‡∂≠‡∑è‡∂∏ grade 5 ‡∂Ø
‡∂å‡∂ª‡∑ú ‡∂ö‡∑í‡∑Ä‡∑ä‡∑Ä‡∂±‡∂∏‡∑ä ‡∂≠‡∂∏‡∑ä‡∂∂‡∑í ‡∂±‡∑ä‡∂ß ‡∂ª‡∑í‡∂Ø‡∂±‡∑Ä‡∑è ‡∂ö‡∑í‡∂∫‡∂Ω ‡∂Ø ‡∂≠‡∑è‡∂∏‡∂≠‡∑ä ‡∑Ñ‡∑í‡∂≠‡∂±‡∑ä ‡∂â‡∂±‡∑ä‡∂±‡∑ô",2021-07-06 05:45:12
3,1411379850011684866,‡∂∏‡∑ô‡∂±‡∑ä‡∂± ‡∂∏‡∑ô‡∂±‡∑ä‡∂± ‡∂≠‡∂∏‡∑ä‡∂∂‡∑í ‡∑Ä‡∂≥ ‡∂î‡∂ö‡∑ä‡∑É‡∑í‡∂¢‡∂±‡∑ä ‡∂Ø‡∑ô‡∂±‡∑ù #lka #lk #srilanka #slnews #lpl #covid19sl #covid19lk https://t.co/8aAa25IUCp,2021-07-03 17:42:33
0,1414130856025726986,‡∑Ä‡∑í‡∂∏‡∂Ω‡∑ä‡∂ú‡∑ö ‡∂ã‡∂Ø‡∂∫‡∂ú‡∑ö ‡∂ö‡∑ë‡∂Ω‡∑í ‡∂ú‡∂Ω‡∑Ä‡∑è ‡∂≠‡∂∏‡∂±‡∂ß ‡∂á‡∂∏‡∂≠‡∑í ‡∂∞‡∑î‡∂ª ‡∂Ö‡∂±‡∑Ä‡∑Å‡∑ä‚Äç‡∂∫ ‡∂∂‡∑Ä ‡∑Å‚Äç‡∑ä‚Äç‡∂ª‡∑ì‡∂Ω‡∂±‡∑í‡∂¥‡∂∫ ‡∂ö‡∑í‡∂∫‡∂∫‡∑í.. https://t.co/b0ir4aBGmE https://t.co/67cqOh3xIJ,2021-07-11 07:54:04
1,1413797912149069825,‡∂∂‡∑í ‡∂≠‡∑ä ‡∂≠ ‡∂ª ‡∂ª‡∑ú ‡∂ß‡∑ì üòã,2021-07-10 09:51:04
2,1413792053859913731,"‡∂ú‡∑í‡∂Ω‡∂±‡∑ä‡∂ª‡∂Æ¬†‡∂∏‡∂ú‡∑í‡∂±‡∑ä ‡∑Å‡∑ä‚Äç‡∂ª‡∑ì¬†‡∂Ω‡∂Ç‡∂ö‡∑è ‡∂ö‡∑ä‚Äç‡∂ª‡∑ì‡∂©‡∂ö‡∑í‡∂∫‡∂±‡∑ä ‡∑Ä‡∑ô‡∂±‡∂≠‡∑ä ‡∑Ñ‡∑ù‡∂ß‡∂Ω‡∂∫‡∂ö‡∂ß. ‡∂â‡∂±‡∑ä‡∂Ø‡∑î - ‡∑Å‡∑ä‚Äç‡∂ª‡∑ì¬†‡∂Ω‡∂Ç‡∂ö‡∑è ‡∂≠... 
@SlSports5 @OfficialSLC 

https://t.co/tlC0M1gdFH via @YouTube",2021-07-10 09:27:47
3,1413764362049769472,"#SriHanda: ‡∂Ω‡∂Ç‡∂ö‡∑è ‡∂â‡∂≠‡∑í‡∑Ñ‡∑è‡∑É‡∂∫‡∑ö ‡∂ë‡∂ö‡∑ä ‡∂Ø‡∑í‡∂±‡∂ö‡∑ä ‡∂≠‡∑î‡∑Ö ‡∂∏‡∑î‡∂Ø‡∑ä‚Äç‡∂ª‡∂´‡∂∫ ‡∂ö‡∂ª‡∂± ‡∂Ω‡∂Ø ‡∑Ä‡∑í‡∑Å‡∑è‡∂Ω‡∂≠‡∂∏ ‡∂∏‡∑î‡∂Ø‡∂Ω‡∑ä ‡∂¥‡∑ä‚Äç‡∂ª‡∂∏‡∑è‡∂´‡∂∫  ‡∂¢‡∑î‡∂±‡∑í 28 ‡∂∏‡∑î‡∂Ø‡∑ä‚Äç‡∂ª‡∂´‡∂∫ ‡∂ö‡∂ª‡∂∫‡∑í

#SriLanka #lka
 https://t.co/Zku0QzKXU3",2021-07-10 07:37:45
4,1413475333827932161,"‡∂≠‡∑í‡∂ª‡∑í‡∂ü‡∑î ‡∂¥‡∑í‡∂ß‡∑í ‡∂∏‡∑í‡∂Ω ‡∑Ä‡∑ê‡∂©‡∑í ‡∂ö‡∂ª‡∂± ‡∂≠‡∑ì‡∂±‡∑ä‡∂Ø‡∑î‡∑Ä ‡∑Ñ‡∂ö‡∑î‡∑Ö‡∑è ‡∂ú‡∂±‡∑ì‚Ä¶.! ‡∂∂‡∑ö‡∂ö‡∂ª‡∑í ‡∂±‡∑í‡∑Ç‡∑ä‡∂¥‡∑è‡∂Ø‡∂± ‡∂∏‡∑í‡∂Ω ‡∂â‡∑Ñ‡∑Ö ‡∂∫‡∑è‡∂∏ ‡∂±‡∑Ä‡∂≠‡∑ì‚Ä¶.!
https://t.co/DAawFsNoBz https://t.co/lZAeKjLLAE",2021-07-09 12:29:15
5,1413093813631873028,"Another great Speech Sir, @ShanakiyanR 

‡∂∏‡∂ß ‡∂¥‡∂ª‡∂∫‡∑è ‡∂ö‡∑í‡∂∫‡∂±‡∑Ä‡∑è ‡∂∏‡∑ö‡∂ö‡∂Ø ‡∑Ñ‡∂∏‡∑î‡∂Ø‡∑è‡∑Ä‡∑ö ‡∂â‡∂ú‡∑ê‡∂±‡∑ä‡∂±‡∑î‡∑Ä‡∑ö ‡∂Ω‡∑ê‡∂¢‡∑ä‡∂¢‡∂∫‡∑í,  ‡∂Ö‡∂∞‡∑ä‚Äç‡∂∫‡∑è‡∂¥‡∂±‡∂∫‡∂ß‡∂≠‡∑ä ‡∑Ñ‡∂∏‡∑î‡∂Ø‡∑è‡∑Ä ‡∂Ö‡∂≠ ‡∂≠... https://t.co/lNOe1GKnyK via @YouTube",2021-07-08 11:13:13
6,1412844390079340545,‡∂¢‡∂±‡∑è‡∂∞‡∑í‡∂¥‡∂≠‡∑í ‡∑Ñ‡∑è ‡∂Ö‡∂ú‡∂∏‡∑ê‡∂≠‡∑í ‡∂Ö‡∂Ø ‡∂ë‡∂∏ ‡∂≠‡∂±‡∂≠‡∑î‡∂ª‡∑î ‡∂Ø‡∂ª‡∂±‡∑ä‡∂±‡∑ö ‡∂∂‡∑ê‡∑É‡∑í‡∂Ω‡∑ä ‡∂ª‡∑è‡∂¢‡∂¥‡∂ö‡∑ä‡∑Ç ‡∂±‡∑í‡∑É‡∑è..- ‡∂ã‡∂Ø‡∂∫‡∂Ç‡∂ú https://t.co/aJ2897XThh https://t.co/cvorQxh3g7,2021-07-07 18:42:06
7,1412636645124235267,@kattasambal ‡∂Ö.‡∂≠.‡∑Ñ‡∑ú.‡∂ö !,2021-07-07 04:56:36
8,1412283673185976322,@unknown_lankan ‡∂Ö.‡∂≠.‡∑Ñ‡∑ú.‡∂ö üòÜ,2021-07-06 05:34:01
9,1412266135958007809,"üê≥‡∂∏‡∑ö ‡∂â‡∂±‡∑ä‡∂±‡∑ô whale shark ‡∂ö‡∑í‡∂∫‡∂± ‡∂∏‡∂≠‡∑ä‡∑É‡∑ä‚Äç‡∂∫‡∂∫‡∂±‡∑ä ‡∑Ä‡∑í‡∑Å‡∑ö‡∑Ç‡∂∫. ‡∂∏‡∑ú‡∑Ä‡∑î‡∂±‡∑ä ‡∂¢‡∑ì‡∑Ä‡∂≠‡∑ä ‡∑Ä‡∂±‡∑ä‡∂±‡∑ô ‡∑É‡∑ô‡∂Ω‡∑ä‡∑É‡∑í‡∂∫‡∑É‡∑ä ‡∂Ö‡∂Ç‡∑Å‡∂ö 21 ‡∂ö‡∂ß ‡∑Ä‡∂©‡∑è ‡∂Ö‡∂©‡∑î ‡∂±‡∑í‡∑Ä‡∂ª‡∑ä‡∂Æ‡∂± ‡∂∏‡∑î‡∑Ñ‡∑î‡∂Ø‡∑î ‡∑É‡∑ì‡∂∏‡∑è‡∑Ä‡∂Ω. 

üê≥‡∑É‡∑è‡∂∏‡∑è‡∂±‡∑ä‚Äç‡∂∫‡∂∫‡∑ô‡∂±‡∑ä ‡∂Ø‡∑í‡∂ú‡∑í‡∂±‡∑ä ‡∂Ö‡∂©‡∑í 5-10 ‡∂≠ ‡∂Ö‡∂≠‡∂ª ‡∂Ö‡∂ú‡∂∫‡∂ö‡∑ä ‡∂ú‡∂±‡∑ä‡∂±‡∑Ä‡∑è.‡∂Ø‡∑ê‡∂±‡∂ß ‡∑Ñ‡∂∏‡∑î‡∑Ä‡∑ô‡∂Ω‡∑è ‡∂≠‡∑í‡∂∫‡∑ô‡∂± ‡∂Ø‡∑í‡∂ú‡∂∏ whale shark ‡∂∏‡∂≠‡∑ä‡∑É‡∑ä‚Äç‡∂∫‡∂∫‡∑è ‡∂Ö‡∂©‡∑í 65 ‡∂ö‡∑ä,‡∂Ø‡∑í‡∂ú‡∑í‡∂±‡∑ä ‡∂∫‡∑î‡∂ö‡∑ä‡∂≠ ‡∑Ä‡∑ô‡∂Ω‡∑è ‡∂≠‡∑í‡∂∫‡∑ô‡∂±‡∑Ä‡∑è.‚¨áÔ∏è https://t.co/dOyfbwSKLL",2021-07-06 04:24:20
10,1412097906056773635,"@InsectEmperor @bts_bighit @JAMJAMPICS @parkjiminpics Who is impostor here? ‡∂ê, ‡∂ë, ‡∂í, ‡∂ì, ‡∂î, ‡∂ï, ‡∂ñ, ‡∂ö, ‡∂õ, ‡∂ú, ‡∂ù, ‡∂û, ‡∂ü. ‡∂†, ‡∂°, ‡∂¢, ‡∂£, ‡∂§, ‡∂•, ‡∂¶, ‡∂ß, ‡∂®, ‡∂©, ‡∂™, ‡∂´, ‡∂¨, ‡∂≠, ‡∂Æ, ‡∂Ø. ‡∂∞, ‡∂±, ‡∂≥, ‡∂¥, ‡∂µ, ‡∂∂, ‡∂∑, ‡∂∏, ‡∂π, ‡∂∫ Who is impostor here? ‡∂ê, ‡∂ë, ‡∂í, ‡∂ì, ‡∂î, ‡∂ï, ‡∂ñ, ‡∂ö, ‡∂õ, ‡∂ú, ‡∂ù, ‡∂û, ‡∂ü. ‡∂†, ‡∂°, ‡∂¢, ‡∂£, ‡∂§, ‡∂•, ‡∂¶, ‡∂ß, ‡∂®, ‡∂©, ‡∂™, ‡∂´, ‡∂¨, ‡∂≠, ‡∂Æ, ‡∂Ø. ‡∂∞, ‡∂±, ‡∂≥, ‡∂¥, ‡∂µ, ‡∂∂, ‡∂∑, ‡∂∏, ‡∂π, ‡∂∫ Who",2021-07-05 17:15:50
11,1411981064176873475,"@pentimento_117 üôÇ

‡∂Ö. ‡∂≠. ‡∑Ñ‡∑ú. ‡∂ö.",2021-07-05 09:31:33
12,1411437521146417160,"@GoofyOliver @7LasagnaLay @avesoe Who is impostor here? ‡∂ê, ‡∂ë, ‡∂í, ‡∂ì, ‡∂î, ‡∂ï, ‡∂ñ, ‡∂ö, ‡∂õ, ‡∂ú, ‡∂ù, ‡∂û, ‡∂ü. ‡∂†, ‡∂°, ‡∂¢, ‡∂£, ‡∂§, ‡∂•, ‡∂¶, ‡∂ß, ‡∂®, ‡∂©, ‡∂™, ‡∂´, ‡∂¨, ‡∂≠, ‡∂Æ, ‡∂Ø. ‡∂∞, ‡∂±, ‡∂≥, ‡∂¥, ‡∂µ, ‡∂∂, ‡∂∑, ‡∂∏, ‡∂π, ‡∂∫ Who is impostor here? ‡∂ê, ‡∂ë, ‡∂í, ‡∂ì, ‡∂î, ‡∂ï, ‡∂ñ, ‡∂ö, ‡∂õ, ‡∂ú, ‡∂ù, ‡∂û, ‡∂ü. ‡∂†, ‡∂°, ‡∂¢, ‡∂£, ‡∂§, ‡∂•, ‡∂¶, ‡∂ß, ‡∂®, ‡∂©, ‡∂™, ‡∂´, ‡∂¨, ‡∂≠, ‡∂Æ, ‡∂Ø. ‡∂∞, ‡∂±, ‡∂≥, ‡∂¥, ‡∂µ, ‡∂∂, ‡∂∑, ‡∂∏, ‡∂π, ‡∂∫",2021-07-03 21:31:42
13,1411316562187878402,lanka C news | ‡∂≠‚Äç‡∑ä‚Äç‡∂ª‡∑É‡∑ä‡∂≠‡∑Ä‡∑è‡∂Ø‡∂∫ ‡∑Ä‡∑ê‡∂Ω‡∂ö‡∑í‡∂∏‡∑ö ‡∂¥‡∂±‡∂≠ ‡∂ú‡∑ê‡∂± ‡∂≠‡∑ì‡∂ª‡∂´‡∂∫‡∂ö‡∑ä ‡∂ú‡∂±‡∑ä‡∂± ‡∑É‡∑ñ‡∂Ø‡∑è‡∂±‡∂∏‡∑ä..- ‡∑Å‚Äç‡∑ä‚Äç‡∂ª‡∑ì ‡∂Ω‡∂Ç‡∂ö‡∑è ‡∂ª‡∂¢‡∂∫ ‡∂∫‡∑î‡∂ª‡∑ù‡∂¥‡∂∫‡∂ß ‡∂Ø‡∂±‡∑ä‡∑Ä‡∂∫‡∑í.. https://t.co/P1DCcNiKUp,2021-07-03 13:31:04
14,1411241809586569218,"@unknown_lankan ‡∂î.‡∑Ñ.‡∑Ñ‡∑ú.‡∂±‡∑ê.
‡∂∏.‡∂≠.üò∂",2021-07-03 08:34:01
